<assembly xmlns:xsi="http://www.w3.org/2001/XMLSchema-instance"
          xmlns="http://maven.apache.org/ASSEMBLY/2.0.0"
          xsi:schemaLocation="http://maven.apache.org/ASSEMBLY/2.0.0 http://maven.apache.org/xsd/assembly-2.0.0.xsd">
  <id>poc-ng-spring-front-dist</id>
  <formats>
    <format>zip</format>
  </formats>
  <includeBaseDirectory>false</includeBaseDirectory>
  <fileSets>
    <fileSet>
      <directory>${basedir}/dist/</directory>
      <outputDirectory>${project.name}</outputDirectory>
      <includes>
        <include>**/*</include>
      </includes>
    </fileSet>
  </fileSets>
</assembly>
